MANDATORY INFORMATION,,,,ADDITIONAL INFORMATION,
TAGNAME,GRAPHIC OBJECT,DESTINATION GRAPHIC DISPLAY,LAYER,PID NUMBER,LOCATION
@begin
1101MV03,HAND VALVE,WindowCDU4_CRUDE_OVERHEAD,FOD,1101,1
1102MV05,HAND VALVE,WindowCDU4_CRUDE_OVERHEAD,FOD,1102,2
1102MV06,HAND VALVE,WindowCDU4_CRUDE_OVERHEAD,FOD,1102,3
2103MV01,HAND VALVE,WindowCDU4_CRUDE_OVERHEAD,FOD,2103,4
2103MV02,HAND VALVE,WindowCDU4_CRUDE_OVERHEAD,FOD,2103,5
2103MV03,HAND VALVE,WindowCDU4_CRUDE_OVERHEAD,FOD,2103,6
2103MV05,HAND VALVE,WindowCDU4_CRUDE_OVERHEAD,FOD,2103,7
2103MV06,HAND VALVE,WindowCDU4_CRUDE_OVERHEAD,FOD,2103,8
2103MV07,HAND VALVE,WindowCDU4_CRUDE_OVERHEAD,FOD,2103,9
2103MV08,HAND VALVE,WindowCDU4_CRUDE_OVERHEAD,FOD,2103,10
2103MV09,HAND VALVE,WindowCDU4_CRUDE_OVERHEAD,FOD,2103,11
2104MV10,HAND VALVE,WindowCDU4_CRUDE_OVERHEAD,FOD,2104,12
2103DRN01,OUTLET BL,WindowCDU4_CRUDE_OVERHEAD,FOD,2103,13
2103DRN02,OUTLET BL,WindowCDU4_CRUDE_OVERHEAD,FOD,2103,14
2103DRN03,OUTLET BL,WindowCDU4_CRUDE_OVERHEAD,FOD,2103,15
2124AIR01,INLET BL,WindowCDU4_CRUDE_OVERHEAD,FOD,2124,16
2124AIR02,OUTLET BL,WindowCDU4_CRUDE_OVERHEAD,FOD,2124,17
2124AIR03,INLET BL,WindowCDU4_CRUDE_OVERHEAD,FOD,2124,18
2124AIR04,OUTLET BL,WindowCDU4_CRUDE_OVERHEAD,FOD,2124,19
RVZ1010A,PSV,WindowCDU4_CRUDE_OVERHEAD,FOD,2103,20
RVZ1010S,PSV,WindowCDU4_CRUDE_OVERHEAD,FOD,2103,21
PZ2151A,PUMP,WindowCDU4_CRUDE_OVERHEAD,FOD+FAILURE,1101,22
PZ2151B,PUMP,WindowCDU4_CRUDE_OVERHEAD,FOD+FAILURE,1101,23
PZ2158,PUMP,WindowCDU4_CRUDE_OVERHEAD,FOD+FAILURE,2103,24
EZ2112AG,EXCHANGER,WindowCDU4_CRUDE_OVERHEAD,FOD+FAILURE,2124,25
EZ2112HN,AIRCOOLER,WindowCDU4_CRUDE_OVERHEAD,FOD+FAILURE,2124,26
2104MV15,HAND VALVE,WindowCDU4_CRUDE_TOWER,FOD,2104,27
2105MV12,HAND VALVE,WindowCDU4_CRUDE_TOWER,FOD,2105B,28
2106MV09,HAND VALVE,WindowCDU4_CRUDE_TOWER,FOD,2106,29
2106MV18,HAND VALVE,WindowCDU4_CRUDE_TOWER,FOD,2106,30
2106MV19,HAND VALVE,WindowCDU4_CRUDE_TOWER,FOD,2106,31
2108MV05,HAND VALVE,WindowCDU4_CRUDE_TOWER,FOD,2108,32
2108MV06,HAND VALVE,WindowCDU4_CRUDE_TOWER,FOD,2108,33
2108MV07,HAND VALVE,WindowCDU4_CRUDE_TOWER,FOD,2108,34
2108MV08,HAND VALVE,WindowCDU4_CRUDE_TOWER,FOD,2108,35
2108MV10,HAND VALVE,WindowCDU4_CRUDE_TOWER,FOD,2108,36
2108MV11,HAND VALVE,WindowCDU4_CRUDE_TOWER,FOD,2108,37
2108MV12,HAND VALVE,WindowCDU4_CRUDE_TOWER,FOD,2108,38
2108MV13,HAND VALVE,WindowCDU4_CRUDE_TOWER,FOD,2108,39
2108MV15,HAND VALVE,WindowCDU4_CRUDE_TOWER,FOD,2108,40
2104AIR01,INLET BL,WindowCDU4_CRUDE_TOWER,FOD,2104,41
2104AIR02,OUTLET BL,WindowCDU4_CRUDE_TOWER,FOD,2104,42
2106AIR03,INLET BL,WindowCDU4_CRUDE_TOWER,FOD,2106,43
2106AIR04,OUTLET BL,WindowCDU4_CRUDE_TOWER,FOD,2106,44
Hp_steam_to_TPZ_2103C,INLET BL,WindowCDU4_CRUDE_TOWER,BL,2108,45
Lp_steam_from_TPZ_2103C,OUTLET BL,WindowCDU4_CRUDE_TOWER,BL,2108,46
DRN11,OUTLET BL,WindowCDU4_CRUDE_TOWER,FOD,2108,47
ATM10,OUTLET BL,WindowCDU4_CRUDE_TOWER,FOD,2108,48
RVZ1020A,PSV,WindowCDU4_CRUDE_TOWER,FOD,2108,49
RVZ1020B,PSV,WindowCDU4_CRUDE_TOWER,FOD,2108,50
RVZ1021A,PSV,WindowCDU4_CRUDE_TOWER,FOD,2108,51
RVZ1021B,PSV,WindowCDU4_CRUDE_TOWER,FOD,2108,52
RVZ1021C,PSV,WindowCDU4_CRUDE_TOWER,FOD,2108,53
RVZ1021D,PSV,WindowCDU4_CRUDE_TOWER,FOD,2108,54
RVZ1021E,PSV,WindowCDU4_CRUDE_TOWER,FOD,2108,55
RVZ1021F,PSV,WindowCDU4_CRUDE_TOWER,FOD,2108,56
RVZ1021G,PSV,WindowCDU4_CRUDE_TOWER,FOD,2108,57
RVZ1021S,PSV,WindowCDU4_CRUDE_TOWER,FOD,2108,58
PZ2103A,PUMP,WindowCDU4_CRUDE_TOWER,FOD+FAILURE,2108,59
PZ2103B,PUMP,WindowCDU4_CRUDE_TOWER,FOD+FAILURE,2108,60
PZ2103C,PUMP,WindowCDU4_CRUDE_TOWER,FOD+FAILURE,2108,61
PZ2104A,PUMP,WindowCDU4_CRUDE_TOWER,FOD+FAILURE,2107,62
PZ2104B,PUMP,WindowCDU4_CRUDE_TOWER,FOD+FAILURE,2107,63
PZ2104C,PUMP,WindowCDU4_CRUDE_TOWER,FOD+FAILURE,2107,64
PZ2105A,PUMP,WindowCDU4_CRUDE_TOWER,FOD+FAILURE,2107,65
PZ2105B,PUMP,WindowCDU4_CRUDE_TOWER,FOD+FAILURE,2107,66
PZ2106A,PUMP,WindowCDU4_CRUDE_TOWER,FOD+FAILURE,2108,67
PZ2106B,PUMP,WindowCDU4_CRUDE_TOWER,FOD+FAILURE,2108,68
PZ2106C,PUMP,WindowCDU4_CRUDE_TOWER,FOD+FAILURE,2108,69
EZ2113AB,AIRCOOLER,WindowCDU4_CRUDE_TOWER,FOD+FAILURE,2104,70
EZ2114,AIRCOOLER,WindowCDU4_CRUDE_TOWER,FOD+FAILURE,2106,71
2105MV01,HAND VALVE,WindowCDU4_DESALTERS,FOD,2105A,72
2105MV02,HAND VALVE,WindowCDU4_DESALTERS,FOD,2105A,73
2105MV03,HAND VALVE,WindowCDU4_DESALTERS,FOD,2105A,74
2105MV05,HAND VALVE,WindowCDU4_DESALTERS,FOD,2105A,75
2105MV07,HAND VALVE,WindowCDU4_DESALTERS,FOD,2105A,76
2105MV08,HAND VALVE,WindowCDU4_DESALTERS,FOD,2105A,77
2105MV09,HAND VALVE,WindowCDU4_DESALTERS,FOD,2105A,78
2105MV17,HAND VALVE,WindowCDU4_DESALTERS,FOD,2105A,79
2105MV18,HAND VALVE,WindowCDU4_DESALTERS,FOD,2105A,80
2108MV03,HAND VALVE,WindowCDU4_DESALTERS,FOD,2108,81
2108MV04,HAND VALVE,WindowCDU4_DESALTERS,FOD,2108,82
2119MV01,HAND VALVE,WindowCDU4_DESALTERS,FOD,2119,83
2119MV02,HAND VALVE,WindowCDU4_DESALTERS,FOD,2119,84
2119MV03,HAND VALVE,WindowCDU4_DESALTERS,FOD,2119,85
2119MV04,HAND VALVE,WindowCDU4_DESALTERS,FOD,2119,86
2119MV05,HAND VALVE,WindowCDU4_DESALTERS,FOD,2119,87
2119MV06,HAND VALVE,WindowCDU4_DESALTERS,FOD,2119,88
2123MV01,HAND VALVE,WindowCDU4_DESALTERS,FOD,2123,89
2123MV02,HAND VALVE,WindowCDU4_DESALTERS,FOD,2123,90
2123MV03,HAND VALVE,WindowCDU4_DESALTERS,FOD,2123,91
2123MV04,HAND VALVE,WindowCDU4_DESALTERS,FOD,2123,92
2123MV05,HAND VALVE,WindowCDU4_DESALTERS,FOD,2123,93
2123MV06,HAND VALVE,WindowCDU4_DESALTERS,FOD,2123,94
2123MV07,HAND VALVE,WindowCDU4_DESALTERS,FOD,2123,95
2123MV08,HAND VALVE,WindowCDU4_DESALTERS,FOD,2123,96
2123MV09,HAND VALVE,WindowCDU4_DESALTERS,FOD,2123,97
2123MV10,HAND VALVE,WindowCDU4_DESALTERS,FOD,2123,98
2123MV11,HAND VALVE,WindowCDU4_DESALTERS,FOD,2123,99
2123MV12,HAND VALVE,WindowCDU4_DESALTERS,FOD,2123,100
2123MV13,HAND VALVE,WindowCDU4_DESALTERS,FOD,2123,101
2123MV14,HAND VALVE,WindowCDU4_DESALTERS,FOD,2123,102
2123MV15,HAND VALVE,WindowCDU4_DESALTERS,FOD,2123,103
2123MV16,HAND VALVE,WindowCDU4_DESALTERS,FOD,2123,104
2123AIR01,INLET BL,WindowCDU4_DESALTERS,FOD,2123,105
2123AIR02,OUTLET BL,WindowCDU4_DESALTERS,FOD,2123,106
ATM9,OUTLET BL,WindowCDU4_DESALTERS,BL,2109A,107
CWS2,INLET BL,WindowCDU4_DESALTERS,BL,2123,108
DRN04,OUTLET BL,WindowCDU4_DESALTERS,FOD,2105A,109
DRN05,OUTLET BL,WindowCDU4_DESALTERS,FOD,2105A,110
DRN06,OUTLET BL,WindowCDU4_DESALTERS,FOD,2119,111
OWS,OUTLET BL,WindowCDU4_DESALTERS,BL,2123,112
RVZ1022A,PSV,WindowCDU4_DESALTERS,FOD,2108,113
RVZ1022B,PSV,WindowCDU4_DESALTERS,FOD,2108,114
RVZ1022S,PSV,WindowCDU4_DESALTERS,FOD,2108,115
RVZ1023A,PSV,WindowCDU4_DESALTERS,FOD,2108,116
RVZ1023B,PSV,WindowCDU4_DESALTERS,FOD,2108,117
RVZ1023S,PSV,WindowCDU4_DESALTERS,FOD,2108,118
RVZ1041,PSV,WindowCDU4_DESALTERS,FOD,2123,119
RVZ1043,PSV,WindowCDU4_DESALTERS,FOD,2123,120
RVZ2104A,PSV,WindowCDU4_DESALTERS,FOD,2119,121
RVZ2104B,PSV,WindowCDU4_DESALTERS,FOD,2119,122
PZ2161A,PUMP,WindowCDU4_DESALTERS,FOD+FAILURE,2119,123
PZ2161B,PUMP,WindowCDU4_DESALTERS,FOD+FAILURE,2119,124
EZ2121A,EXCHANGER,WindowCDU4_DESALTERS,FOD+FAILURE,2123,125
EZ2121B,EXCHANGER,WindowCDU4_DESALTERS,FOD+FAILURE,2123,126
EZ2127,EXCHANGER,WindowCDU4_DESALTERS,FOD+FAILURE,2123,127
PCV10119,REGULATOR,WindowCDU4_DESALTERS,FOD,2123,128
PCVZ10119,REGULATOR,WindowCDU4_DESALTERS,FOD,2123,129
EZ2131AB,AIRCOOLER,WindowCDU4_DESALTERS,FOD+FAILURE,2123,130
VERSATILE_SLICES,INLET BL,WindowCDU4_FLARE_BLOWDOWN,BL,1011,131
PZ2118A,PUMP,WindowCDU4_FLARE_BLOWDOWN,FOD+FAILURE,1011,132
PZ2118B,PUMP,WindowCDU4_FLARE_BLOWDOWN,FOD+FAILURE,1011,133
CZ2124A,PUMP,WindowCDU4_FURNACE_AIR_PREHEATER,FOD+FAILURE,2111,134
CZ2124B,PUMP,WindowCDU4_FURNACE_AIR_PREHEATER,FOD+FAILURE,2111,135
CZ2125A,PUMP,WindowCDU4_FURNACE_AIR_PREHEATER,FOD+FAILURE,2111,136
CZ2125B,PUMP,WindowCDU4_FURNACE_AIR_PREHEATER,FOD+FAILURE,2111,137
EZ2125A,EXCHANGER,WindowCDU4_FURNACE_AIR_PREHEATER,FOD+FAILURE,2111,138
EZ2125B,EXCHANGER,WindowCDU4_FURNACE_AIR_PREHEATER,FOD+FAILURE,2111,139
2110MV01,HAND VALVE,WindowCDU4_FURNACE_FIRING,FOD,2110,140
2110MV04,HAND VALVE,WindowCDU4_FURNACE_FIRING,FOD,2110,141
2110MV05,HAND VALVE,WindowCDU4_FURNACE_FIRING,FOD,2110,142
2111MV05,HAND VALVE,WindowCDU4_FURNACE_FIRING,FOD,2111,143
2111MV06,HAND VALVE,WindowCDU4_FURNACE_FIRING,FOD,2111,144
2111MV07,HAND VALVE,WindowCDU4_FURNACE_FIRING,FOD,2111,145
BLI2110_BFW,INLET BL,WindowCDU4_FURNACE_FIRING,BL,2110,146
BLI2110_LPSTM,INLET BL,WindowCDU4_FURNACE_FIRING,BL,2110,147
BLO2110_LPSTM,OUTLET BL,WindowCDU4_FURNACE_FIRING,FOD,2110,148
ATM11,OUTLET BL,WindowCDU4_FURNACE_FIRING,BL,2110,149
PCVZ1017,REGULATOR,WindowCDU4_FURNACE_FIRING,FOD,2111,150
GZ2109,FILTER,WindowCDU4_FURNACE_FIRING,FOD+FAILURE,2111,151
HCVZ1047,HAND VALVE,WindowCDU4_FURNACE_FIRING,FOD,2110,152
2107MV02,HAND VALVE,WindowCDU4_FURNACE_PROCESS,FOD,2107,153
2107MV14,HAND VALVE,WindowCDU4_FURNACE_PROCESS,FOD,2107,154
2107MV18,HAND VALVE,WindowCDU4_FURNACE_PROCESS,FOD,2107,155
PZ2102A,PUMP,WindowCDU4_FURNACE_PROCESS,FOD+FAILURE,2105B,156
PZ2102B,PUMP,WindowCDU4_FURNACE_PROCESS,FOD+FAILURE,2105B,157
PZ2102C,PUMP,WindowCDU4_FURNACE_PROCESS,FOD+FAILURE,2105B,158
EZ2111A,EXCHANGER,WindowCDU4_FURNACE_PROCESS,FOD+FAILURE,2107,159
EZ2111B,EXCHANGER,WindowCDU4_FURNACE_PROCESS,FOD+FAILURE,2107,160
2111MV01,HAND VALVE,WindowCDU4_FURNACE_STARTUP,FOD,2111,161
2111MV02,HAND VALVE,WindowCDU4_FURNACE_STARTUP,FOD,2111,162
2111MV03,HAND VALVE,WindowCDU4_FURNACE_STARTUP,FOD,2111,163
2111MV04,HAND VALVE,WindowCDU4_FURNACE_STARTUP,FOD,2111,164
2111MV08,HAND VALVE,WindowCDU4_FURNACE_STARTUP,FOD,2111,165
2111MV09,HAND VALVE,WindowCDU4_FURNACE_STARTUP,FOD,2111,166
2111MV10,HAND VALVE,WindowCDU4_FURNACE_STARTUP,FOD,2111,167
PCVZ10122,REGULATOR,WindowCDU4_FURNACE_STARTUP,FOD,2111,168
PCVZ10123,REGULATOR,WindowCDU4_FURNACE_STARTUP,FOD,2111,169
FZ2159,FILTER,WindowCDU4_FURNACE_STARTUP,FOD+FAILURE,2111,170
GZ2108A,FILTER,WindowCDU4_FURNACE_STARTUP,FOD+FAILURE,2111,171
GZ2108B,FILTER,WindowCDU4_FURNACE_STARTUP,FOD+FAILURE,2111,172
2106MV05,HAND VALVE,WindowCDU4_HGO,FOD,2106,173
2108MV09,HAND VALVE,WindowCDU4_HGO,FOD,2108,174
2108MV18,HAND VALVE,WindowCDU4_HGO,FOD,2108,175
2108MV19,HAND VALVE,WindowCDU4_HGO,FOD,2108,176
2109MV16,HAND VALVE,WindowCDU4_HGO,FOD,2109B,177
DRN13,OUTLET BL,WindowCDU4_HGO,FOD,2108,178
DRN15,OUTLET BL,WindowCDU4_HGO,FOD,2108,179
PZ2108,PUMP,WindowCDU4_HGO,FOD+FAILURE,2109B,180
EZ2117AC,AIRCOOLER,WindowCDU4_HGO,FOD+FAILURE,2109B,181
2101MV05,HAND VALVE,WindowCDU4_INJECTIONS,FOD,2101,182
2102MV06,HAND VALVE,WindowCDU4_INJECTIONS,FOD,2102A,183
2102MV07,HAND VALVE,WindowCDU4_INJECTIONS,FOD,2102A,184
2102MV11,HAND VALVE,WindowCDU4_INJECTIONS,FOD,2102A,185
2102MV12,HAND VALVE,WindowCDU4_INJECTIONS,FOD,2102A,186
2102MV13,HAND VALVE,WindowCDU4_INJECTIONS,FOD,2102A,187
2102MV14,HAND VALVE,WindowCDU4_INJECTIONS,FOD,2102A,188
2102MV15,HAND VALVE,WindowCDU4_INJECTIONS,FOD,2102A,189
2102MV16,HAND VALVE,WindowCDU4_INJECTIONS,FOD,2102A,190
2103MV04,HAND VALVE,WindowCDU4_INJECTIONS,FOD,2103,191
2105MV04,HAND VALVE,WindowCDU4_INJECTIONS,FOD,2105A,192
2105MV06,HAND VALVE,WindowCDU4_INJECTIONS,FOD,2105A,193
2102DRN01,OUTLET BL,WindowCDU4_INJECTIONS,FOD,2102A,194
2102DRN02,OUTLET BL,WindowCDU4_INJECTIONS,FOD,2102A,195
DEMINWATE,INLET BL,WindowCDU4_INJECTIONS,FOD,2102A,196
NAOH,INLET BL,WindowCDU4_INJECTIONS,BL,2102A,197
STRIPWATER1,INLET BL,WindowCDU4_INJECTIONS,BL,2103,198
STRIPWATER2,INLET BL,WindowCDU4_INJECTIONS,FOD,2103,199
PZ2111,PUMP,WindowCDU4_INJECTIONS,FOD+FAILURE,2103,200
PZ2122,PUMP,WindowCDU4_INJECTIONS,FOD+FAILURE,2103,201
PZ2117A,PUMP,WindowCDU4_INJECTIONS,FOD+FAILURE,,202
2106MV02,HAND VALVE,WindowCDU4_LGO,FOD,2106,203
2106MV06,HAND VALVE,WindowCDU4_LGO,FOD,2106,204
2106MV16,HAND VALVE,WindowCDU4_LGO,FOD,2106,205
2106MV17,HAND VALVE,WindowCDU4_LGO,FOD,2106,206
2106MV27,HAND VALVE,WindowCDU4_LGO,FOD,2106,207
2108MV02,HAND VALVE,WindowCDU4_LGO,FOD,2108,208
2108MV16,HAND VALVE,WindowCDU4_LGO,FOD,2108,209
2108MV17,HAND VALVE,WindowCDU4_LGO,FOD,2108,210
2109MV09,HAND VALVE,WindowCDU4_LGO,FOD,2109B,211
2109MV10,HAND VALVE,WindowCDU4_LGO,FOD,2109B,212
2109MV11,HAND VALVE,WindowCDU4_LGO,FOD,2109B,213
2109MV12,HAND VALVE,WindowCDU4_LGO,FOD,2109B,214
2109MV13,HAND VALVE,WindowCDU4_LGO,FOD,2109B,215
2109MV14,HAND VALVE,WindowCDU4_LGO,FOD,2109B,216
2109MV15,HAND VALVE,WindowCDU4_LGO,FOD,2109B,217
2106AIR01,INLET BL,WindowCDU4_LGO,FOD,2106,218
2106AIR02,OUTLET BL,WindowCDU4_LGO,FOD,2106,219
2109AIR01,INLET BL,WindowCDU4_LGO,FOD,2109B,220
2109AIR02,OUTLET BL,WindowCDU4_LGO,FOD,2109B,221
BFW_to_EZ2128,INLET BL,WindowCDU4_LGO,FOD,2106,222
COLD_LGO_to_blender,INLET BL,WindowCDU4_LGO,BL,2109B,223
HOT_LGO_to_blender,OUTLET BL,WindowCDU4_LGO,FOD,2109B,224
LP_steam_ex_EZ2128,OUTLET BL,WindowCDU4_LGO,BL,2106,225
DRN10,OUTLET BL,WindowCDU4_LGO,FOD,2106,226
DRN12,OUTLET BL,WindowCDU4_LGO,FOD,2108,227
DRN14,OUTLET BL,WindowCDU4_LGO,FOD,2108,228
PZ2107A,PUMP,WindowCDU4_LGO,FOD+FAILURE,2109B,229
PZ2107B,PUMP,WindowCDU4_LGO,FOD+FAILURE,2109B,230
PCVZ10110,REGULATOR,WindowCDU4_LGO,FOD,2106,231
EZ2115,AIRCOOLER,WindowCDU4_LGO,FOD+FAILURE,2106,232
EZ2116AC,AIRCOOLER,WindowCDU4_LGO,FOD+FAILURE,2109B,233
2101MV01,HAND VALVE,WindowCDU4_PREHEAT_TRAIN_COLD,FOD,2101,234
2101MV02,HAND VALVE,WindowCDU4_PREHEAT_TRAIN_COLD,FOD,2101,235
2101MV03,HAND VALVE,WindowCDU4_PREHEAT_TRAIN_COLD,FOD,2101,236
2101MV07,HAND VALVE,WindowCDU4_PREHEAT_TRAIN_COLD,FOD,2101,237
2104MV01,HAND VALVE,WindowCDU4_PREHEAT_TRAIN_COLD,FOD,2104,238
2104MV02,HAND VALVE,WindowCDU4_PREHEAT_TRAIN_COLD,FOD,2104,239
2104MV03,HAND VALVE,WindowCDU4_PREHEAT_TRAIN_COLD,FOD,2104,240
2104MV04,HAND VALVE,WindowCDU4_PREHEAT_TRAIN_COLD,FOD,2104,241
2104MV05,HAND VALVE,WindowCDU4_PREHEAT_TRAIN_COLD,FOD,2104,242
2104MV06,HAND VALVE,WindowCDU4_PREHEAT_TRAIN_COLD,FOD,2104,243
2104MV07,HAND VALVE,WindowCDU4_PREHEAT_TRAIN_COLD,FOD,2104,244
2104MV08,HAND VALVE,WindowCDU4_PREHEAT_TRAIN_COLD,FOD,2104,245
2104MV09,HAND VALVE,WindowCDU4_PREHEAT_TRAIN_COLD,FOD,2104,246
2104MV13,HAND VALVE,WindowCDU4_PREHEAT_TRAIN_COLD,FOD,2104,247
2104MV14,HAND VALVE,WindowCDU4_PREHEAT_TRAIN_COLD,FOD,2104,248
EZ2101ABC,EXCHANGER,WindowCDU4_PREHEAT_TRAIN_COLD,FOD+FAILURE,2101,249
EZ2101DEF,EXCHANGER,WindowCDU4_PREHEAT_TRAIN_COLD,FOD+FAILURE,2101,250
EZ2102AB,EXCHANGER,WindowCDU4_PREHEAT_TRAIN_COLD,FOD+FAILURE,2104,251
EZ2102CD,EXCHANGER,WindowCDU4_PREHEAT_TRAIN_COLD,FOD+FAILURE,2104,252
EZ2103A,EXCHANGER,WindowCDU4_PREHEAT_TRAIN_COLD,FOD+FAILURE,2104,253
EZ2103B,EXCHANGER,WindowCDU4_PREHEAT_TRAIN_COLD,FOD+FAILURE,2104,254
2105MV10,HAND VALVE,WindowCDU4_PREHEAT_TRAIN_HOT,FOD,2105B,255
2105MV11,HAND VALVE,WindowCDU4_PREHEAT_TRAIN_HOT,FOD,2105B,256
2105MV13,HAND VALVE,WindowCDU4_PREHEAT_TRAIN_HOT,FOD,2105B,257
2105MV14,HAND VALVE,WindowCDU4_PREHEAT_TRAIN_HOT,FOD,2105B,258
2106MV01,HAND VALVE,WindowCDU4_PREHEAT_TRAIN_HOT,FOD,2106,259
2106MV03,HAND VALVE,WindowCDU4_PREHEAT_TRAIN_HOT,FOD,2106,260
2106MV04,HAND VALVE,WindowCDU4_PREHEAT_TRAIN_HOT,FOD,2106,261
2106MV07,HAND VALVE,WindowCDU4_PREHEAT_TRAIN_HOT,FOD,2106,262
2106MV08,HAND VALVE,WindowCDU4_PREHEAT_TRAIN_HOT,FOD,2106,263
2106MV13,HAND VALVE,WindowCDU4_PREHEAT_TRAIN_HOT,FOD,2106,264
2106MV14,HAND VALVE,WindowCDU4_PREHEAT_TRAIN_HOT,FOD,2106,265
2107MV01,HAND VALVE,WindowCDU4_PREHEAT_TRAIN_HOT,FOD,2107,266
2107MV03,HAND VALVE,WindowCDU4_PREHEAT_TRAIN_HOT,FOD,2107,267
2107MV04,HAND VALVE,WindowCDU4_PREHEAT_TRAIN_HOT,FOD,2107,268
2107MV05,HAND VALVE,WindowCDU4_PREHEAT_TRAIN_HOT,FOD,2107,269
2107MV06,HAND VALVE,WindowCDU4_PREHEAT_TRAIN_HOT,FOD,2107,270
2107MV07,HAND VALVE,WindowCDU4_PREHEAT_TRAIN_HOT,FOD,2107,271
2107MV08,HAND VALVE,WindowCDU4_PREHEAT_TRAIN_HOT,FOD,2107,272
2107MV09,HAND VALVE,WindowCDU4_PREHEAT_TRAIN_HOT,FOD,2107,273
2107MV10,HAND VALVE,WindowCDU4_PREHEAT_TRAIN_HOT,FOD,2107,274
2107MV11,HAND VALVE,WindowCDU4_PREHEAT_TRAIN_HOT,FOD,2107,275
2107MV12,HAND VALVE,WindowCDU4_PREHEAT_TRAIN_HOT,FOD,2107,276
2107MV13,HAND VALVE,WindowCDU4_PREHEAT_TRAIN_HOT,FOD,2107,277
2107MV15,HAND VALVE,WindowCDU4_PREHEAT_TRAIN_HOT,FOD,2107,278
2107MV16,HAND VALVE,WindowCDU4_PREHEAT_TRAIN_HOT,FOD,2107,279
2107MV17,HAND VALVE,WindowCDU4_PREHEAT_TRAIN_HOT,FOD,2107,280
EZ2104A,EXCHANGER,WindowCDU4_PREHEAT_TRAIN_HOT,FOD+FAILURE,2105B,281
EZ2104B,EXCHANGER,WindowCDU4_PREHEAT_TRAIN_HOT,FOD+FAILURE,2105B,282
EZ2105,EXCHANGER,WindowCDU4_PREHEAT_TRAIN_HOT,FOD+FAILURE,2106,283
EZ2106,EXCHANGER,WindowCDU4_PREHEAT_TRAIN_HOT,FOD+FAILURE,2106,284
EZ2107A,EXCHANGER,WindowCDU4_PREHEAT_TRAIN_HOT,FOD+FAILURE,2106,285
EZ2107B,EXCHANGER,WindowCDU4_PREHEAT_TRAIN_HOT,FOD+FAILURE,2106,286
EZ2108A,EXCHANGER,WindowCDU4_PREHEAT_TRAIN_HOT,FOD+FAILURE,2106,287
EZ2108C,EXCHANGER,WindowCDU4_PREHEAT_TRAIN_HOT,FOD+FAILURE,2106,288
EZ2109A,EXCHANGER,WindowCDU4_PREHEAT_TRAIN_HOT,FOD+FAILURE,2107,289
EZ2109B,EXCHANGER,WindowCDU4_PREHEAT_TRAIN_HOT,FOD+FAILURE,2107,290
EZ2110AB,EXCHANGER,WindowCDU4_PREHEAT_TRAIN_HOT,FOD+FAILURE,2107,291
EZ2110CD,EXCHANGER,WindowCDU4_PREHEAT_TRAIN_HOT,FOD+FAILURE,2107,292
2102MV05,HAND VALVE,WindowCDU4_RESIDUE,FOD,2102B,293
2102MV08,HAND VALVE,WindowCDU4_RESIDUE,FOD,2102B,294
2102MV09,HAND VALVE,WindowCDU4_RESIDUE,FOD,2102B,295
2106MV10,HAND VALVE,WindowCDU4_RESIDUE,FOD,2106,296
2106MV12,HAND VALVE,WindowCDU4_RESIDUE,FOD,2106,297
2106MV15,HAND VALVE,WindowCDU4_RESIDUE,FOD,2106,298
2108MV21,HAND VALVE,WindowCDU4_RESIDUE,FOD,2108,299
2108MV22,HAND VALVE,WindowCDU4_RESIDUE,FOD,2108,300
2108MV23,HAND VALVE,WindowCDU4_RESIDUE,FOD,2108,301
2102AIR01,INLET BL,WindowCDU4_RESIDUE,FOD,2102B,302
2102AIR02,OUTLET BL,WindowCDU4_RESIDUE,FOD,2102B,303
2102DRN03,OUTLET BL,WindowCDU4_RESIDUE,FOD,2102B,304
2102W01,INLET BL,WindowCDU4_RESIDUE,FOD,2102B,305
Hp_steam_to_TPZ_2106C,INLET BL,WindowCDU4_RESIDUE,FOD,2108,306
Lp_steam_from_TPZ_2106C,OUTLET BL,WindowCDU4_RESIDUE,BL,2108,307
PZ2112A,PUMP,WindowCDU4_RESIDUE,FOD+FAILURE,2102B,308
PZ2112B,PUMP,WindowCDU4_RESIDUE,FOD+FAILURE,2102B,309
EZ2120AF,AIRCOOLER,WindowCDU4_RESIDUE,FOD+FAILURE,2102B,310
2101MV06,HAND VALVE,WindowCDU4_RESIDUE_TRAIN,FOD,2101,311
2101MV08,HAND VALVE,WindowCDU4_RESIDUE_TRAIN,FOD,2101,312
2102MV01,HAND VALVE,WindowCDU4_RESIDUE_TRAIN,FOD,2102B,313
2102MV02,HAND VALVE,WindowCDU4_RESIDUE_TRAIN,FOD,2102B,314
2102MV03,HAND VALVE,WindowCDU4_RESIDUE_TRAIN,FOD,2102B,315
2102MV04,HAND VALVE,WindowCDU4_RESIDUE_TRAIN,FOD,2102B,316
EZ2119AB,EXCHANGER,WindowCDU4_RESIDUE_TRAIN,FOD+FAILURE,2102B,317
EZ2119CD,EXCHANGER,WindowCDU4_RESIDUE_TRAIN,FOD+FAILURE,2102B,318
2101MV04,HAND VALVE,WindowCDU4_VACUUM,FOD,2101,319
2108MV01,HAND VALVE,WindowCDU4_VACUUM,FOD,2108,320
2109MV01,HAND VALVE,WindowCDU4_VACUUM,FOD,2109A,321
2109MV03,HAND VALVE,WindowCDU4_VACUUM,FOD,2109A,322
2109MV05,HAND VALVE,WindowCDU4_VACUUM,FOD,2109A,323
2109MV06,HAND VALVE,WindowCDU4_VACUUM,FOD,2109A,324
2109MV07,HAND VALVE,WindowCDU4_VACUUM,FOD,2109A,325
2109MV08,HAND VALVE,WindowCDU4_VACUUM,FOD,2109A,326
2109MV17,HAND VALVE,WindowCDU4_VACUUM,FOD,2109A,327
2109MV18,HAND VALVE,WindowCDU4_VACUUM,FOD,2109A,328
2109MV19,HAND VALVE,WindowCDU4_VACUUM,FOD,2109A,329
2109MV20,HAND VALVE,WindowCDU4_VACUUM,FOD,2109A,330
2109MV21,HAND VALVE,WindowCDU4_VACUUM,FOD,2109A,331
2109AIR03,INLET BL,WindowCDU4_VACUUM,FOD,2109B,332
2109AIR04,OUTLET BL,WindowCDU4_VACUUM,FOD,2109B,333
CWR1,OUTLET BL,WindowCDU4_VACUUM,BL,2109A,334
CWS1,INLET BL,WindowCDU4_VACUUM,BL,2109A,335
DRN16,OUTLET BL,WindowCDU4_VACUUM,FOD,2108,336
DRN17,OUTLET BL,WindowCDU4_VACUUM,FOD,2109A,337
DRN18,OUTLET BL,WindowCDU4_VACUUM,FOD,2109A,338
DRN19,OUTLET BL,WindowCDU4_VACUUM,FOD,2109A,339
DRN20,OUTLET BL,WindowCDU4_VACUUM,FOD,2109A,340
RVZ1029AB,PSV,WindowCDU4_VACUUM,FOD,2109A,341
PZ2109A,PUMP,WindowCDU4_VACUUM,FOD+FAILURE,2109A,342
PZ2109B,PUMP,WindowCDU4_VACUUM,FOD+FAILURE,2109A,343
PZ2110A,PUMP,WindowCDU4_VACUUM,FOD+FAILURE,2109A,344
PZ2110B,PUMP,WindowCDU4_VACUUM,FOD+FAILURE,2109A,345
EZ2118,EXCHANGER,WindowCDU4_VACUUM,FOD+FAILURE,2109A,346
EZ2122,EXCHANGER,WindowCDU4_VACUUM,FOD+FAILURE,2109A,347
EZ2123,EXCHANGER,WindowCDU4_VACUUM,FOD+FAILURE,2109A,348
2104MV11,HAND VALVE,WindowCDU4_CRUDE_OVERHEAD,FOD,2104,349
2104MV16,HAND VALVE,WindowCDU4_CRUDE_OVERHEAD,FOD,2104,350
2104MV12,HAND VALVE,WindowCDU4_CRUDE_OVERHEAD,FOD,2104,351
2104MV17,HAND VALVE,WindowCDU4_CRUDE_OVERHEAD,FOD,2104,352
2104MV18,HAND VALVE,WindowCDU4_CRUDE_OVERHEAD,FOD,2104,353
1008MV01,HAND VALVE,WindowDFU4_AMINE_FUELGAS,FOD,1008,354
1008MV02,HAND VALVE,WindowDFU4_AMINE_FUELGAS,FOD,1008,355
1008MV03,HAND VALVE,WindowDFU4_AMINE_FUELGAS,FOD,1008,356
1008MV04,HAND VALVE,WindowDFU4_AMINE_FUELGAS,FOD,1008,357
1801MV01,HAND VALVE,WindowDFU4_AMINE_FUELGAS,FOD,1801,358
1801MV02,HAND VALVE,WindowDFU4_AMINE_FUELGAS,FOD,1801,359
1801MV03,HAND VALVE,WindowDFU4_AMINE_FUELGAS,FOD,1801,360
1801MV04,HAND VALVE,WindowDFU4_AMINE_FUELGAS,FOD,1801,361
1801MV05,HAND VALVE,WindowDFU4_AMINE_FUELGAS,FOD,1801,362
DRN01,OUTLET BL,WindowDFU4_AMINE_FUELGAS,FOD,1008,363
FUELGAS,INLET BL,WindowDFU4_AMINE_FUELGAS,FOD,1008,364
LEANAMINE,INLET BL,WindowDFU4_AMINE_FUELGAS,BL,1801,365
RICHAMINE,OUTLET BL,WindowDFU4_AMINE_FUELGAS,BL,1801,366
TOHRU,OUTLET BL,WindowDFU4_AMINE_FUELGAS,BL,1801,367
DRN21,OUTLET BL,WindowDFU4_AMINE_FUELGAS,FOD,1801,368
DRN22,OUTLET BL,WindowDFU4_AMINE_FUELGAS,FOD,1801,369
DRN23,OUTLET BL,WindowDFU4_AMINE_FUELGAS,FOD,1801,370
RVZ4001A,PSV,WindowDFU4_AMINE_FUELGAS,FOD,1801,371
RVZ4001S,PSV,WindowDFU4_AMINE_FUELGAS,FOD,1801,372
RVZ5002A,PSV,WindowDFU4_AMINE_FUELGAS,FOD,1008,373
RVZ5002S,PSV,WindowDFU4_AMINE_FUELGAS,FOD+FAILURE,1008,374
PZ2855A,PUMP,WindowDFU4_AMINE_FUELGAS,FOD+FAILURE,1801,375
PZ2855B,PUMP,WindowDFU4_AMINE_FUELGAS,FOD+FAILURE,1801,376
1004MV04,HAND VALVE,WindowDFU4_SPLITTER,FOD,2202B,377
1004MV05,HAND VALVE,WindowDFU4_SPLITTER,FOD,2202B,378
1004MV18,HAND VALVE,WindowDFU4_SPLITTER,FOD,2202B,379
2202BMV05,HAND VALVE,WindowDFU4_SPLITTER,FOD,2202B,380
2202BMV06,HAND VALVE,WindowDFU4_SPLITTER,FOD,2202B,381
2202BMV07,HAND VALVE,WindowDFU4_SPLITTER,FOD,2202B,382
2202BMV08,HAND VALVE,WindowDFU4_SPLITTER,FOD,2202B,383
2202BMV09,HAND VALVE,WindowDFU4_SPLITTER,FOD,2202B,384
2202BMV10,HAND VALVE,WindowDFU4_SPLITTER,FOD,2202B,385
2202BMV11,HAND VALVE,WindowDFU4_SPLITTER,FOD,2202B,386
2202BMV12,HAND VALVE,WindowDFU4_SPLITTER,FOD,2202B,387
2202BMV13,HAND VALVE,WindowDFU4_SPLITTER,FOD,2202B,388
2202BMV14,HAND VALVE,WindowDFU4_SPLITTER,FOD,2202B,389
2202BMV15,HAND VALVE,WindowDFU4_SPLITTER,FOD,2202B,390
2202BMV16,HAND VALVE,WindowDFU4_SPLITTER,FOD,2202B,391
2201AIR01,INLET BL,WindowDFU4_SPLITTER,FOD,2201A,392
2201AIR02,OUTLET BL,WindowDFU4_SPLITTER,FOD,2201A,393
2202AIR01,INLET BL,WindowDFU4_SPLITTER,FOD,2202B,394
2202AIR02,OUTLET BL,WindowDFU4_SPLITTER,FOD,2202B,395
ATM6,INLET BL,WindowDFU4_SPLITTER,FOD,2202B,396
BLO1004_SRBN_to_500,OUTLET BL,WindowDFU4_SPLITTER,FOD,2202B,397
BLO1004_SRBN_to_tk,OUTLET BL,WindowDFU4_SPLITTER,FOD,2202B,398
BLO1004_SRBN_to_tk1,OUTLET BL,WindowDFU4_SPLITTER,FOD,2202B,399
DRAIN1,OUTLET BL,WindowDFU4_SPLITTER,FOD,2202B,400
DRAIN2,OUTLET BL,WindowDFU4_SPLITTER,FOD,2202B,401
KEROBLEND,OUTLET BL,WindowDFU4_SPLITTER,BL,2201A,402
RVZ3004A,PSV,WindowDFU4_SPLITTER,FOD,2202B,403
RVZ3004B,PSV,WindowDFU4_SPLITTER,FOD,2202B,404
RVZ3004C,PSV,WindowDFU4_SPLITTER,FOD,2202B,405
RVZ3004D,PSV,WindowDFU4_SPLITTER,FOD,2202B,406
RVZ3004E,PSV,WindowDFU4_SPLITTER,FOD,2202B,407
RVZ3004F,PSV,WindowDFU4_SPLITTER,FOD,2202B,408
RVZ3004G,PSV,WindowDFU4_SPLITTER,FOD,2202B,409
RVZ3004H,PSV,WindowDFU4_SPLITTER,FOD,2202B,410
RVZ3004J,PSV,WindowDFU4_SPLITTER,FOD,2202B,411
RVZ3004S,PSV,WindowDFU4_SPLITTER,FOD,2202B,412
RVZ3005AB,PSV,WindowDFU4_SPLITTER,FOD,2202B,413
PZ2204A,PUMP,WindowDFU4_SPLITTER,FOD+FAILURE,2202B,414
PZ2204B,PUMP,WindowDFU4_SPLITTER,FOD+FAILURE,2202B,415
PZ2204C,PUMP,WindowDFU4_SPLITTER,FOD+FAILURE,2202B,416
PZ2206A,PUMP,WindowDFU4_SPLITTER,FOD+FAILURE,2202B,417
PZ2206B,PUMP,WindowDFU4_SPLITTER,FOD+FAILURE,2202B,418
PZ2207,PUMP,WindowDFU4_SPLITTER,FOD+FAILURE,2202B,419
EZ2205,EXCHANGER,WindowDFU4_SPLITTER,FOD+FAILURE,2202B,420
PCVZ3014,REGULATOR,WindowDFU4_SPLITTER,FOD,2202B,421
EZ2208AD,AIRCOOLER,WindowDFU4_SPLITTER,FOD+FAILURE,2202B,422
EZ2209AD,AIRCOOLER,WindowDFU4_SPLITTER,FOD+FAILURE,2201A,423
1004MV10,HAND VALVE,WindowDFU4_SPLITTER_OVERHEAD,FOD,2203,424
1004MV11,HAND VALVE,WindowDFU4_SPLITTER_OVERHEAD,FOD,2203,425
2203MV01,HAND VALVE,WindowDFU4_SPLITTER_OVERHEAD,FOD,2203,426
2203MV02,HAND VALVE,WindowDFU4_SPLITTER_OVERHEAD,FOD,2203,427
2203MV03,HAND VALVE,WindowDFU4_SPLITTER_OVERHEAD,FOD,2203,428
2203MV04,HAND VALVE,WindowDFU4_SPLITTER_OVERHEAD,FOD,2203,429
2203MV05,HAND VALVE,WindowDFU4_SPLITTER_OVERHEAD,FOD,2203,430
2203AIR01,INLET BL,WindowDFU4_SPLITTER_OVERHEAD,FOD,2203,431
2203AIR02,OUTLET BL,WindowDFU4_SPLITTER_OVERHEAD,FOD,2203,432
2203AIR03,INLET BL,WindowDFU4_SPLITTER_OVERHEAD,FOD,2203,433
2203AIR04,OUTLET BL,WindowDFU4_SPLITTER_OVERHEAD,FOD,2203,434
2203AIR05,INLET BL,WindowDFU4_SPLITTER_OVERHEAD,FOD,2203,435
2203AIR06,OUTLET BL,WindowDFU4_SPLITTER_OVERHEAD,FOD,2203,436
BLI2203_Fat_oil,INLET BL,WindowDFU4_SPLITTER_OVERHEAD,BL,2203,437
BLO1004_SRG_to_tk,OUTLET BL,WindowDFU4_SPLITTER_OVERHEAD,FOD,2203,438
BLO1004_SRG_to_tk1,OUTLET BL,WindowDFU4_SPLITTER_OVERHEAD,BL,2203,439
COND,INLET BL,WindowDFU4_SPLITTER_OVERHEAD,BL,1101,440
DRAIN8,OUTLET BL,WindowDFU4_SPLITTER_OVERHEAD,FOD,2203,441
PZ2203A,PUMP,WindowDFU4_SPLITTER_OVERHEAD,FOD+FAILURE,2203,442
PZ2203B,PUMP,WindowDFU4_SPLITTER_OVERHEAD,FOD+FAILURE,2203,443
PZ2205A,PUMP,WindowDFU4_SPLITTER_OVERHEAD,FOD+FAILURE,2203,444
PZ2205B,PUMP,WindowDFU4_SPLITTER_OVERHEAD,FOD+FAILURE,2203,445
EZ2206AJ,AIRCOOLER,WindowDFU4_SPLITTER_OVERHEAD,FOD+FAILURE,2203,446
EZ2206KT,AIRCOOLER,WindowDFU4_SPLITTER_OVERHEAD,FOD+FAILURE,2203,447
EZ2207AB,AIRCOOLER,WindowDFU4_SPLITTER_OVERHEAD,FOD+FAILURE,2203,448
2208MV02,HAND VALVE,WindowDFU4_SPLITTER_REBOILER_STARTUP,FOD,2208,449
2208MV03,HAND VALVE,WindowDFU4_SPLITTER_REBOILER_STARTUP,FOD,2208,450
2208MV04,HAND VALVE,WindowDFU4_SPLITTER_REBOILER_STARTUP,FOD,2208,451
2208MV05,HAND VALVE,WindowDFU4_SPLITTER_REBOILER_STARTUP,FOD,2208,452
2208MV07,HAND VALVE,WindowDFU4_SPLITTER_REBOILER_STARTUP,FOD,2208,453
2208MV08,HAND VALVE,WindowDFU4_SPLITTER_REBOILER_STARTUP,FOD,2208,454
2208MV09,HAND VALVE,WindowDFU4_SPLITTER_REBOILER_STARTUP,FOD,2208,455
PCVZ3010A,REGULATOR,WindowDFU4_SPLITTER_REBOILER_STARTUP,FOD,2208,456
PCVZ3010B,REGULATOR,WindowDFU4_SPLITTER_REBOILER_STARTUP,FOD,2208,457
PCVZ3027,REGULATOR,WindowDFU4_SPLITTER_REBOILER_STARTUP,FOD,2208,458
PCVZ3065,REGULATOR,WindowDFU4_SPLITTER_REBOILER_STARTUP,FOD,2208,459
PCVZ3068,REGULATOR,WindowDFU4_SPLITTER_REBOILER_STARTUP,FOD+FAILURE,2208,460
FZ2201,FILTER,WindowDFU4_SPLITTER_REBOILER_STARTUP,FOD+FAILURE,2208,461
GZ2202A,FILTER,WindowDFU4_SPLITTER_REBOILER_STARTUP,FOD+FAILURE,2208,462
GZ2202B,FILTER,WindowDFU4_SPLITTER_REBOILER_STARTUP,FOD+FAILURE,2208,463
GZ2203A,FILTER,WindowDFU4_SPLITTER_REBOILER_STARTUP,FOD+FAILURE,2208,464
GZ2203B,FILTER,WindowDFU4_SPLITTER_REBOILER_STARTUP,FOD+FAILURE,2208,465
2208MV01,HAND VALVE,WindowDFU4_SPLITTER_REBOILER_STARTUP,FOD,2208,466
2208MV06,HAND VALVE,WindowDFU4_SPLITTER_REBOILER_STARTUP,FOD,2208,467
2201MV01,HAND VALVE,WindowDFU4_STABILISER,FOD,2201A,468
2201MV02,HAND VALVE,WindowDFU4_STABILISER,FOD,2201A,469
2201MV03,HAND VALVE,WindowDFU4_STABILISER,FOD,2201A,470
2201MV04,HAND VALVE,WindowDFU4_STABILISER,FOD,2201B,471
2201MV05,HAND VALVE,WindowDFU4_STABILISER,FOD,2201B,472
2201MV06,HAND VALVE,WindowDFU4_STABILISER,FOD,2201B,473
2201MV07,HAND VALVE,WindowDFU4_STABILISER,FOD,2201A,474
2202AMV01,HAND VALVE,WindowDFU4_STABILISER,FOD,2202A,475
2202AMV02,HAND VALVE,WindowDFU4_STABILISER,FOD,2202A,476
2202AMV03,HAND VALVE,WindowDFU4_STABILISER,FOD,2201B,477
2202AMV04,HAND VALVE,WindowDFU4_STABILISER,FOD,2202A,478
2201AIR03,INLET BL,WindowDFU4_STABILISER,FOD,2201B,479
2201AIR04,OUTLET BL,WindowDFU4_STABILISER,FOD,2201B,480
ATM1,INLET BL,WindowDFU4_STABILISER,FOD,2201B,481
ATM2,INLET BL,WindowDFU4_STABILISER,FOD,2201B,482
DRN07,OUTLET BL,WindowDFU4_STABILISER,FOD,2201B,483
DRN08,OUTLET BL,WindowDFU4_STABILISER,FOD,2201B,484
DRN09,OUTLET BL,WindowDFU4_STABILISER,FOD,2202A,485
LPGRD,OUTLET BL,WindowDFU4_STABILISER,BL,2201B,486
RVZ3001A,PSV,WindowDFU4_STABILISER,FOD,2201B,487
RVZ3001S,PSV,WindowDFU4_STABILISER,FOD,2201B,488
PZ2201A,PUMP,WindowDFU4_STABILISER,FOD+FAILURE,2201B,489
PZ2201B,PUMP,WindowDFU4_STABILISER,FOD+FAILURE,2201B,490
PZ2202A,PUMP,WindowDFU4_STABILISER,FOD+FAILURE,2201B,491
PZ2202B,PUMP,WindowDFU4_STABILISER,FOD+FAILURE,2201B,492
EZ2201AB,EXCHANGER,WindowDFU4_STABILISER,FOD+FAILURE,2201A,493
EZ2202AB,EXCHANGER,WindowDFU4_STABILISER,FOD+FAILURE,2201A,494
EZ2202CD,EXCHANGER,WindowDFU4_STABILISER,FOD+FAILURE,2201A,495
EZ2203A,EXCHANGER,WindowDFU4_STABILISER,FOD+FAILURE,2201B,496
EZ2203B,EXCHANGER,WindowDFU4_STABILISER,FOD+FAILURE,2201B,497
EZ2204AF,AIRCOOLER,WindowDFU4_STABILISER,FOD+FAILURE,2201B,498
XCVZ3001,HAND VALVE,WindowDFU4_STABILISER,FOD,2201A,499
XCVZ3002,HAND VALVE,WindowDFU4_STABILISER,FOD,2201B,500
1101MV06,HAND VALVE,WindowDHT4_COMPRESSOR,FOD,1109,501
1109MV01,HAND VALVE,WindowDHT4_COMPRESSOR,FOD,1109,502
LUBEOIL,INLET BL,WindowDHT4_COMPRESSOR,BL,1109,503
RVZ2001A,PSV,WindowDHT4_COMPRESSOR,FOD,1109,504
RVZ2001S,PSV,WindowDHT4_COMPRESSOR,FOD,1109,505
PZ2156,PUMP,WindowDHT4_COMPRESSOR,FOD+FAILURE,1109,506
EZ2153AB,EXCHANGER,WindowDHT4_COMPRESSOR,FOD+FAILURE,1109,507
PCVZ2026,REGULATOR,WindowDHT4_COMPRESSOR,FOD,1109,508
AIR_PG3,INLET BL,WindowDHT4_FURNACE_STARTUP,BL,1113,509
PCVZ2031,REGULATOR,WindowDHT4_FURNACE_STARTUP,FOD,1113,510
PCVZ2079,REGULATOR,WindowDHT4_FURNACE_STARTUP,FOD,1113,511
PCVZ2084,REGULATOR,WindowDHT4_FURNACE_STARTUP,FOD,1113,512
FZ2105,FILTER,WindowDHT4_FURNACE_STARTUP,FOD+FAILURE,1113,513
GZ2155A,FILTER,WindowDHT4_FURNACE_STARTUP,FOD+FAILURE,1113,514
GZ2155B,FILTER,WindowDHT4_FURNACE_STARTUP,FOD+FAILURE,1113,515
1004MV14,HAND VALVE,WindowDHT4_INJECTIONS,FOD,1101,516
1004MV15,HAND VALVE,WindowDHT4_INJECTIONS,FOD,1101,517
1004MV16,HAND VALVE,WindowDHT4_INJECTIONS,FOD,1101,518
1004MV17,HAND VALVE,WindowDHT4_INJECTIONS,FOD,1101,519
1101MV01,HAND VALVE,WindowDHT4_INJECTIONS,FOD,1101,520
1101MV02,HAND VALVE,WindowDHT4_INJECTIONS,FOD,1101,521
BUTYLEEN,INLET BL,WindowDHT4_INJECTIONS,BL,1101,522
GASOLINE,INLET BL,WindowDHT4_INJECTIONS,FOD,1101,523
HCCS,INLET BL,WindowDHT4_INJECTIONS,BL,1101,524
WILDNAPHTHA,INLET BL,WindowDHT4_INJECTIONS,FOD,1101,525
RVZ2004A,PSV,WindowDHT4_MONITORING,FOD,1101,526
RVZ2004S,PSV,WindowDHT4_MONITORING,FOD,1101,527
EZ2151A,EXCHANGER,WindowDHT4_MONITORING,FOD+FAILURE,1101,528
EZ2151B,EXCHANGER,WindowDHT4_MONITORING,FOD+FAILURE,1101,529
EZ2151C,EXCHANGER,WindowDHT4_MONITORING,FOD+FAILURE,1101,530
EZ2151D,EXCHANGER,WindowDHT4_MONITORING,FOD+FAILURE,1101,531
EZ2151E,EXCHANGER,WindowDHT4_MONITORING,FOD+FAILURE,1101,532
1101MV04,HAND VALVE,WindowDHT4_PROCESS,FOD,1101,533
1101MV05,HAND VALVE,WindowDHT4_PROCESS,FOD,1101,534
1102MV01,HAND VALVE,WindowDHT4_PROCESS,FOD,1102,535
1102MV02,HAND VALVE,WindowDHT4_PROCESS,FOD,1102,536
1102MV03,HAND VALVE,WindowDHT4_PROCESS,FOD,1102,537
1102MV04,HAND VALVE,WindowDHT4_PROCESS,FOD,1102,538
1102MV07,HAND VALVE,WindowDHT4_PROCESS,FOD,1102,539
1102MV08,HAND VALVE,WindowDHT4_PROCESS,FOD,1102,540
1102MV09,HAND VALVE,WindowDHT4_PROCESS,FOD,1102,541
1102MV10,HAND VALVE,WindowDHT4_PROCESS,FOD,1102,542
1102AIR01,INLET BL,WindowDHT4_PROCESS,FOD,1102,543
1102AIR02,OUTLET BL,WindowDHT4_PROCESS,FOD,1102,544
DRN02,OUTLET BL,WindowDHT4_PROCESS,FOD,1102,545
DRN03,OUTLET BL,WindowDHT4_PROCESS,FOD,1102,546
MUH2,INLET BL,WindowDHT4_PROCESS,BL,1102,547
RZ2156_FEED,INLET BL,WindowDHT4_PROCESS,BL,CDU4_DHT_Reactor,548
SWOUT,OUTLET BL,WindowDHT4_PROCESS,BL,1102,549
RVZ2002A,PSV,WindowDHT4_PROCESS,FOD,1102,550
RVZ2002S,PSV,WindowDHT4_PROCESS,FOD,1102,551
RVZ2003A,PSV,WindowDHT4_PROCESS,FOD,1102,552
RVZ2003B,PSV,WindowDHT4_PROCESS,FOD,1102,553
RVZ2003S,PSV,WindowDHT4_PROCESS,FOD,1102,554
RVZ2007A,PSV,WindowDHT4_PROCESS,FOD,1102,555
PZ2153A,PUMP,WindowDHT4_PROCESS,FOD+FAILURE,1102,556
PZ2153B,PUMP,WindowDHT4_PROCESS,FOD+FAILURE,1102,557
CZ2152,PUMP,WindowDHT4_PROCESS,FOD+FAILURE,1109,558
EZ2152AF,AIRCOOLER,WindowDHT4_PROCESS,FOD+FAILURE,1102,559
Lp_steam_from_TPZ_2204C,OUTLET BL,WindowDFU4_SPLITTER,FOD,2202B,560
Hp_steam_to_TPZ_2204C,INLET BL,WindowDFU4_SPLITTER,FOD,2202B,561
@end
